trigram,frequency
intermittent fasting you,5087
the carnivore diet,2640
intermittent fasting it,1276
my blood pressure,1238
and intermittent fasting,1161
intermittent fasting the,989
type diabetes diabetes,987
to lose weight,936
intermittent fasting they,878
my blood sugar,869
irritable bowel syndrome,754
see intermittent fasting,715
low carb diet,671
know intermittent fasting,667
intermittent fasting we,660
high blood pressure,650
on carnivore diet,637
wonder intermittent fasting,632
so much better,617
even intermittent fasting,589
fasting you have,588
what intermittent fasting,586
intermittent fasting this,572
fasting you are,557
intermittent fasting and,557
my skin tags,556
there is no,550
but intermittent fasting,540
intermittent fasting there,533
the keto diet,525
intermittent fasting not,508
and my blood,493
intermittent fasting eat,490
so intermittent fasting,489
that intermittent fasting,484
carnivore diet and,476
carnivore diet for,450
never felt better,446
pain in my,431
intermittent fasting your,394
intermittent fasting my,389
my body is,387
type diabetes diabetic,387
low carb and,375
my weight loss,368
in my body,346
wondering intermittent fasting,344
plant based diet,341
hair on my,341
know what to,338
on keto diet,337
it intermittent fasting,334
do intermittent fasting,330
intermittent fasting he,326
intermittent fasting for,319
never go back,317
blood pressure is,315
carnivore for years,310
on low carb,307
my a1c was,303
for years now,302
as intermittent fasting,302
fasting you eat,299
with intermittent fasting,297
know how to,295
sugar and carbs,289
intermittent fasting can,288
fasting there is,286
stay away from,285
intermittent fasting she,282
doing intermittent fasting,280
for weight loss,274
fasting you want,274
weight loss and,271
high fructose corn,271
intermittent fasting that,270
keto and carnivore,268
intermittent fasting have,268
lose weight and,266
like to know,265
very low carb,263
intermittent fasting it's,263
in my coffee,262
no matter what,262
do you know,260
not going to,256
to know what,253
to your body,253
they are not,251
keto for years,249
not to mention,248
intermittent fasting you're,247
not want to,245
the weight loss,244
in my diet,242
and my body,241
me intermittent fasting,240
blood pressure meds,239
my blood work,237
keto diet and,234
my blood glucose,234
blood pressure and,234
carnivore diet is,233
sharing your knowledge,231
intermittent fasting i'm,230
of intermittent fasting,230
want to lose,229
my a1c is,229
feel better than,228
standard american diet,224
keto or carnivore,220
the sugar diet,220
do not want,218
to know intermittent,217
uric acid levels,216
and low carb,216
had no idea,215
high uric acid,213
carnivore diet but,210
and my a1c,210
your body is,210
of heart disease,208
especially intermittent fasting,206
will never go,206
to my body,206
not to eat,205
polycystic ovary syndrome,204
had heart attack,204
now and then,203
you are not,203
keto diet for,198
don't know what,198
there are no,197
changed my diet,197
skin tags are,197
intermittent fasting anyone,196
bowel syndrome and,196
keto and intermittent,195
intermittent fasting only,193
with type diabetes,191
fasting you can,189
on blood pressure,189
need to lose,188
had hairy toes,187
your blood sugar,186
been doing keto,186
back to normal,185
about the carnivore,184
need to know,183
follow the money,183
weight loss was,182
they do not,181
low carb keto,180
do not eat,180
carnivore for months,180
insulin resistance and,179
intermittent fasting one,179
fasting you don't,179
intermittent fasting am,177
fasting you re,177
intermittent fasting people,176
of my body,175
of heart attack,175
blood pressure was,175
intermittent fasting is,175
intermittent fasting could,175
my diet is,173
now intermittent fasting,173
thank you enough,171
the low carb,170
blood pressure medication,170
no matter how,170
you intermittent fasting,170
i've been carnivore,170
to get off,169
not good for,168
never had hairy,168
have no idea,167
my fasting insulin,166
from my diet,165
carbs and sugar,165
is intermittent fasting,165
my body and,164
diagnosed with type,164
and my weight,163
my weight is,163
don't know how,159
my hdl is,159
my diet to,159
don't know intermittent,159
fasting they are,158
started the carnivore,157
we are not,157
day intermittent fasting,157
i'm not sure,157
years now and,157
have more energy,157
of my diet,157
lose weight but,156
carnivore for over,156
weight and my,155
my fasting blood,155
my total cholesterol,155
high protein diet,153
let me know,152
blood pressure has,152
all know is,152
my ldl is,151
is not good,151
had high cholesterol,151
and blood pressure,150
proper human diet,149
know about the,149
little to no,148
doing keto and,148
no idea what,147
cut out sugar,147
aches and pains,147
of insulin resistance,146
intermittent fasting was,146
the human body,146
want to know,146
started intermittent fasting,145
and am not,144
much better and,144
have never felt,143
better than ever,143
we don't know,142
never heard of,141
gave up sugar,141
and my skin,141
intermittent fasting don't,140
low carb high,140
more energy and,140
i've never had,139
never had any,138
not so much,138
my cholesterol was,138
never had hair,138
or intermittent fasting,137
full of energy,137
the gut microbiota,137
to low carb,136
my a1c went,135
your knowledge and,135
intermittent fasting had,135
blood sugar is,134
been intermittent fasting,134
feel much better,134
blood pressure went,134
to go carnivore,134
feel better and,133
too much sugar,133
not being able,132
weeks now and,132
of carnivore diet,132
lot of weight,131
months now and,131
my body was,131
to eat healthy,131
out of ketosis,130
you know how,130
know how much,130
inflammation in my,130
not the same,130
my diet and,130
there is nothing,130
and weight loss,129
intermittent fasting so,129
diet for about,129
blood work is,129
not sure what,129
animal based diet,129
fasting you do,129
not trying to,129
to feel better,129
for weeks now,128
don know how,128
to eat carbs,128
for your body,128
in my joints,128
insulin resistance is,127
fat intermittent fasting,127
don know what,127
and feel better,126
and now am,126
lost weight and,126
this intermittent fasting,126
and now i'm,126
diet for years,125
high carb diet,125
intermittent fasting at,125
to intermittent fasting,124
high amount of,124
diet and my,123
my fatty liver,123
sure intermittent fasting,121
fasting blood sugar,121
on intermittent fasting,121
low fat diet,120
lost lot of,120
no sugar no,120
doing keto for,120
heart disease and,120
high fat diet,119
an empty stomach,119
hungry all the,118
your body will,118
intermittent fasting any,118
diet thank you,117
have lost weight,116
carnivore diet to,116
to not eat,116
for months now,116
my triglycerides are,116
this carnivore diet,116
blood sugar was,115
let you know,115
the intermittent fasting,115
weight loss journey,114
am type diabetes,114
to my diet,114
intermittent fasting don,114
carnivore diet my,114
addicted to sugar,114
amount of carbs,113
had high blood,113
wondered intermittent fasting,113
do not know,113
my ideal weight,113
skin tags disappeared,113
doing carnivore for,111
how much allulose,111
but no one,111
lost 100 lbs,111
carnivore for almost,111
my skin is,111
to carnivore diet,111
about intermittent fasting,110
not the only,110
lost 50 lbs,110
intermittent fasting its,110
my carnivore diet,110
now thank you,109
my fasting glucose,109
with high cholesterol,109
high cholesterol and,109
back to keto,109
high oxalate foods,109
diet for months,108
like my body,108
on ketogenic diet,108
in high school,108
lot of pain,108
life intermittent fasting,108
20 intermittent fasting,108
cup of coffee,108
weight loss is,107
sugar or carbs,107
intermittent fasting there's,107
fasting they have,107
you know you,107
please do not,107
much better than,107
symptoms went away,107
to start carnivore,107
to stay away,106
carb diet and,106
switched to carnivore,106
my a1c has,106
you know what,106
of my heart,106
have fatty liver,106
lbs so far,106
my ldl and,106
skin tags on,106
and insulin resistance,105
and no more,105
and am now,104
off the wagon,104
strict carnivore diet,104
and ve lost,104
and i've lost,104
intermittent fasting eating,103
intermittent fasting do,103
blood glucose levels,103
lost 20 lbs,103
lost 40 lbs,103
did not get,103
love my coffee,103
better than have,102
carb high fat,102
the normal range,102
my type diabetes,102
glucose intermittent fasting,102
to get healthy,102
my weight has,101
fasting you could,101
have high blood,101
we all know,101
but i'm not,101
nothing wrong with,101
carnivore for about,101
because intermittent fasting,100
a1c went from,100
that my body,100
intermittent fasting all,100
on my body,100
my weight and,100
question intermittent fasting,99
carbs per day,99
able to lose,99
to loose weight,99
intermittent fasting in,98
to gain weight,98
love to know,97
lose the weight,97
curious intermittent fasting,97
over year now,97
into my diet,97
insulin resistant and,97
type two diabetes,97
the body can,97
of type diabetes,97
better intermittent fasting,97
have high cholesterol,97
intermittent fasting insulin,96
whether or not,96
my body fat,96
not sure intermittent,96
and my triglycerides,96
with my weight,96
took me off,96
back to carnivore,96
blood pressure dropped,96
you re not,96
you heart attack,96
not giving up,95
good to know,95
has gone down,95
lbs in months,95
am not hungry,95
carnivore diet with,95
know what is,95
my body to,94
low carb for,94
intermittent fasting that's,94
no longer have,94
fasting and low,94
we did not,94
don't know why,94
my diet for,93
which is not,93
been eating carnivore,93
swelling in my,93
is much better,93
highly processed foods,93
intermittent fasting possible,93
carnivore way of,93
freedom of speech,93
get away with,93
out sugar and,93
carnivore diet have,93
not enough to,92
fasting there was,92
blows my mind,92
more intermittent fasting,92
ldl and hdl,92
blood pressure no,92
in my stomach,91
and type diabetes,91
died of heart,91
he has no,91
high blood sugar,91
pounds in months,91
you will never,91
and keto diet,91
there was no,91
vegan diet and,91
the vegan diet,91
an elimination diet,91
is not about,91
carnivore diet it,91
and my ldl,91
intermittent fasting just,90
intermittent fasting what,90
you have no,90
is not so,90
not to get,90
body intermittent fasting,90
because my body,90
not eat any,90
diet and exercise,89
off sugar for,89
type diabetes diabetics,89
since going carnivore,89
grams of carbs,89
intermittent fasting need,89
never want to,89
i'll never go,89
